30663,2023-08-16T15:22:53+07:00,transaction: 30663,1053209
63522,2023-08-17T07:35:36+07:00,transaction: 63522,8949389
67538,2023-08-18T18:29:05+07:00,transaction: 67538,9098997
31596,2023-08-19T02:14:56+07:00,transaction: 31596,1537910
66027,2023-08-20T09:40:41+07:00,transaction: 66027,2386763
39496,2023-08-21T18:23:17+07:00,transaction: 39496,3878414
32326,2023-08-22T19:09:38+07:00,transaction: 32326,2663275
67815,2023-08-23T04:19:21+07:00,transaction: 67815,5845831
42916,2023-08-24T12:36:22+07:00,transaction: 42916,5504576
94310,2023-08-25T14:08:40+07:00,transaction: 94310,3260925
95149,2023-08-26T23:37:05+07:00,transaction: 95149,5159166
43768,2023-08-27T16:56:51+07:00,transaction: 43768,3013151
73858,2023-08-28T18:36:38+07:00,transaction: 73858,4208087
20404,2023-08-29T21:57:26+07:00,transaction: 20404,2440313
44127,2023-08-30T02:55:18+07:00,transaction: 44127,9289439